ID,Дата,Время,Имя,Тип,Продолжительность (мин),Комментарий,Статус
20260101110005_r,2026-01-01,11:00,Жопа,Стрельба из лука,60,,
20260102110005,2026-01-02,11:00,Жопа,Стрельба из лука,60,,
20260103110005,2026-01-03,11:00,Жопа,Стрельба из лука,60,,
20260104110005,2026-01-04,11:00,Жопа,Стрельба из лука,60,,
20260105110005,2026-01-05,11:00,Жопа,Стрельба из лука,60,,
20260106110005,2026-01-06,11:00,Жопа,Стрельба из лука,60,,
20260107110005,2026-01-07,11:00,Жопа,Стрельба из лука,60,,
20260108110005,2026-01-08,11:00,Жопа,Стрельба из лука,60,,
20260109110005,2026-01-09,11:00,Жопа,Стрельба из лука,60,,
20260110110005,2026-01-10,11:00,Жопа,Стрельба из лука,60,,
20260111110005,2026-01-11,11:00,Жопа,Стрельба из лука,60,,
20260112110005,2026-01-12,11:00,Жопа,Стрельба из лука,60,,
20260113110005,2026-01-13,11:00,Жопа,Стрельба из лука,60,,
20260114110005,2026-01-14,11:00,Жопа,Стрельба из лука,60,,
20260115110005,2026-01-15,11:00,Жопа,Стрельба из лука,60,,
20260116110005,2026-01-16,11:00,Жопа,Стрельба из лука,60,,
20260117110005,2026-01-17,11:00,Жопа,Стрельба из лука,60,,
20260118110005,2026-01-18,11:00,Жопа,Стрельба из лука,60,,
20260119110005,2026-01-19,11:00,Жопа,Стрельба из лука,60,,
20260120110005,2026-01-20,11:00,Жопа,Стрельба из лука,60,,
20260121110005,2026-01-21,11:00,Жопа,Стрельба из лука,60,,
20260122110005,2026-01-22,11:00,Жопа,Стрельба из лука,60,,
20260123110005,2026-01-23,11:00,Жопа,Стрельба из лука,60,,
20260124110005,2026-01-24,11:00,Жопа,Стрельба из лука,60,,
20260125110005,2026-01-25,11:00,Жопа,Стрельба из лука,60,,
20260126110005,2026-01-26,11:00,Жопа,Стрельба из лука,60,,
20260127110005,2026-01-27,11:00,Жопа,Стрельба из лука,60,,
20260128110005,2026-01-28,11:00,Жопа,Стрельба из лука,60,,
20260129110005,2026-01-29,11:00,Жопа,Стрельба из лука,60,,
20260130110005,2026-01-30,11:00,Жопа,Стрельба из лука,60,,
20260131110005,2026-01-31,11:00,Жопа,Стрельба из лука,60,,
20260201110005,2026-02-01,11:00,Жопа,Стрельба из лука,60,,
20260202110005,2026-02-02,11:00,Жопа,Стрельба из лука,60,,
20260203110005,2026-02-03,11:00,Жопа,Стрельба из лука,60,,
20260204110005,2026-02-04,11:00,Жопа,Стрельба из лука,60,,
20260205110005,2026-02-05,11:00,Жопа,Стрельба из лука,60,,
20260206110005,2026-02-06,11:00,Жопа,Стрельба из лука,60,,
20260207110005,2026-02-07,11:00,Жопа,Стрельба из лука,60,,
20260208110005,2026-02-08,11:00,Жопа,Стрельба из лука,60,,
20260209110005,2026-02-09,11:00,Жопа,Стрельба из лука,60,,
20260210110005,2026-02-10,11:00,Жопа,Стрельба из лука,60,,
20260211110005,2026-02-11,11:00,Жопа,Стрельба из лука,60,,
20260212110005,2026-02-12,11:00,Жопа,Стрельба из лука,60,,
20260213110005,2026-02-13,11:00,Жопа,Стрельба из лука,60,,
20260214110005,2026-02-14,11:00,Жопа,Стрельба из лука,60,,
20260215110005,2026-02-15,11:00,Жопа,Стрельба из лука,60,,
20260216110005,2026-02-16,11:00,Жопа,Стрельба из лука,60,,
20260217110005,2026-02-17,11:00,Жопа,Стрельба из лука,60,,
20260218110005,2026-02-18,11:00,Жопа,Стрельба из лука,60,,
20260219110005,2026-02-19,11:00,Жопа,Стрельба из лука,60,,
20260220110005,2026-02-20,11:00,Жопа,Стрельба из лука,60,,
20260221110005,2026-02-21,11:00,Жопа,Стрельба из лука,60,,
20260222110005,2026-02-22,11:00,Жопа,Стрельба из лука,60,,
20260223110005,2026-02-23,11:00,Жопа,Стрельба из лука,60,,
20260224110005,2026-02-24,11:00,Жопа,Стрельба из лука,60,,
20260225110005,2026-02-25,11:00,Жопа,Стрельба из лука,60,,
20260226110005,2026-02-26,11:00,Жопа,Стрельба из лука,60,,
20260227110005,2026-02-27,11:00,Жопа,Стрельба из лука,60,,
20260228110005,2026-02-28,11:00,Жопа,Стрельба из лука,60,,
20260301110005,2026-03-01,11:00,Жопа,Стрельба из лука,60,,
20260302110005,2026-03-02,11:00,Жопа,Стрельба из лука,60,,
20260303110005,2026-03-03,11:00,Жопа,Стрельба из лука,60,,
20260304110005,2026-03-04,11:00,Жопа,Стрельба из лука,60,,
20260305110005,2026-03-05,11:00,Жопа,Стрельба из лука,60,,
20260306110005,2026-03-06,11:00,Жопа,Стрельба из лука,60,,
20260307110005,2026-03-07,11:00,Жопа,Стрельба из лука,60,,
20260308110005,2026-03-08,11:00,Жопа,Стрельба из лука,60,,
20260309110005,2026-03-09,11:00,Жопа,Стрельба из лука,60,,
20260310110005,2026-03-10,11:00,Жопа,Стрельба из лука,60,,
20260311110005,2026-03-11,11:00,Жопа,Стрельба из лука,60,,
20260312110005,2026-03-12,11:00,Жопа,Стрельба из лука,60,,
20260313110005,2026-03-13,11:00,Жопа,Стрельба из лука,60,,
20260314110005,2026-03-14,11:00,Жопа,Стрельба из лука,60,,
20260315110005,2026-03-15,11:00,Жопа,Стрельба из лука,60,,
20260316110005,2026-03-16,11:00,Жопа,Стрельба из лука,60,,
20260317110005,2026-03-17,11:00,Жопа,Стрельба из лука,60,,
20260318110005,2026-03-18,11:00,Жопа,Стрельба из лука,60,,
20260319110005,2026-03-19,11:00,Жопа,Стрельба из лука,60,,
20260320110005,2026-03-20,11:00,Жопа,Стрельба из лука,60,,
20260321110005,2026-03-21,11:00,Жопа,Стрельба из лука,60,,
20260322110005,2026-03-22,11:00,Жопа,Стрельба из лука,60,,
20260323110005,2026-03-23,11:00,Жопа,Стрельба из лука,60,,
20260324110005,2026-03-24,11:00,Жопа,Стрельба из лука,60,,
20260325110005,2026-03-25,11:00,Жопа,Стрельба из лука,60,,
20260326110005,2026-03-26,11:00,Жопа,Стрельба из лука,60,,
20260327110005,2026-03-27,11:00,Жопа,Стрельба из лука,60,,
20260328110005,2026-03-28,11:00,Жопа,Стрельба из лука,60,,
20260329110005,2026-03-29,11:00,Жопа,Стрельба из лука,60,,
20260330110005,2026-03-30,11:00,Жопа,Стрельба из лука,60,,
20260331110005,2026-03-31,11:00,Жопа,Стрельба из лука,60,,
20260401110005,2026-04-01,11:00,Жопа,Стрельба из лука,60,,
20260402110005,2026-04-02,11:00,Жопа,Стрельба из лука,60,,
20260403110005,2026-04-03,11:00,Жопа,Стрельба из лука,60,,
20260404110005,2026-04-04,11:00,Жопа,Стрельба из лука,60,,
20260405110005,2026-04-05,11:00,Жопа,Стрельба из лука,60,,
20260406110005,2026-04-06,11:00,Жопа,Стрельба из лука,60,,
20260407110005,2026-04-07,11:00,Жопа,Стрельба из лука,60,,
20260408110005,2026-04-08,11:00,Жопа,Стрельба из лука,60,,
20260409110005,2026-04-09,11:00,Жопа,Стрельба из лука,60,,
20260410110005,2026-04-10,11:00,Жопа,Стрельба из лука,60,,
20260411110005,2026-04-11,11:00,Жопа,Стрельба из лука,60,,
20260412110005,2026-04-12,11:00,Жопа,Стрельба из лука,60,,
20260413110005,2026-04-13,11:00,Жопа,Стрельба из лука,60,,
20260414110005,2026-04-14,11:00,Жопа,Стрельба из лука,60,,
20260415110005,2026-04-15,11:00,Жопа,Стрельба из лука,60,,
20260416110005,2026-04-16,11:00,Жопа,Стрельба из лука,60,,
20260417110005,2026-04-17,11:00,Жопа,Стрельба из лука,60,,
20260418110005,2026-04-18,11:00,Жопа,Стрельба из лука,60,,
20260419110005,2026-04-19,11:00,Жопа,Стрельба из лука,60,,
20260420110005,2026-04-20,11:00,Жопа,Стрельба из лука,60,,
20260421110005,2026-04-21,11:00,Жопа,Стрельба из лука,60,,
20260422110005,2026-04-22,11:00,Жопа,Стрельба из лука,60,,
20260423110005,2026-04-23,11:00,Жопа,Стрельба из лука,60,,
20260424110005,2026-04-24,11:00,Жопа,Стрельба из лука,60,,
20260425110005,2026-04-25,11:00,Жопа,Стрельба из лука,60,,
20260426110005,2026-04-26,11:00,Жопа,Стрельба из лука,60,,
20260427110005,2026-04-27,11:00,Жопа,Стрельба из лука,60,,
20260428110005,2026-04-28,11:00,Жопа,Стрельба из лука,60,,
20260429110005,2026-04-29,11:00,Жопа,Стрельба из лука,60,,
20260430110005,2026-04-30,11:00,Жопа,Стрельба из лука,60,,
20260501110005,2026-05-01,11:00,Жопа,Стрельба из лука,60,,
20260502110005,2026-05-02,11:00,Жопа,Стрельба из лука,60,,
20260503110005,2026-05-03,11:00,Жопа,Стрельба из лука,60,,
20260504110005,2026-05-04,11:00,Жопа,Стрельба из лука,60,,
20260505110005,2026-05-05,11:00,Жопа,Стрельба из лука,60,,
20260506110005,2026-05-06,11:00,Жопа,Стрельба из лука,60,,
20260507110005,2026-05-07,11:00,Жопа,Стрельба из лука,60,,
20260508110005,2026-05-08,11:00,Жопа,Стрельба из лука,60,,
20260509110005,2026-05-09,11:00,Жопа,Стрельба из лука,60,,
20260510110005,2026-05-10,11:00,Жопа,Стрельба из лука,60,,
20260511110005,2026-05-11,11:00,Жопа,Стрельба из лука,60,,
20260512110005,2026-05-12,11:00,Жопа,Стрельба из лука,60,,
20260513110005,2026-05-13,11:00,Жопа,Стрельба из лука,60,,
20260514110005,2026-05-14,11:00,Жопа,Стрельба из лука,60,,
20260515110005,2026-05-15,11:00,Жопа,Стрельба из лука,60,,
20260516110005,2026-05-16,11:00,Жопа,Стрельба из лука,60,,
20260517110005,2026-05-17,11:00,Жопа,Стрельба из лука,60,,
20260518110005,2026-05-18,11:00,Жопа,Стрельба из лука,60,,
20260519110005,2026-05-19,11:00,Жопа,Стрельба из лука,60,,
20260520110005,2026-05-20,11:00,Жопа,Стрельба из лука,60,,
20260521110005,2026-05-21,11:00,Жопа,Стрельба из лука,60,,
20260522110005,2026-05-22,11:00,Жопа,Стрельба из лука,60,,
20260523110005,2026-05-23,11:00,Жопа,Стрельба из лука,60,,
20260524110005,2026-05-24,11:00,Жопа,Стрельба из лука,60,,
20260525110005,2026-05-25,11:00,Жопа,Стрельба из лука,60,,
20260526110005,2026-05-26,11:00,Жопа,Стрельба из лука,60,,
20260527110005,2026-05-27,11:00,Жопа,Стрельба из лука,60,,
20260528110005,2026-05-28,11:00,Жопа,Стрельба из лука,60,,
20260529110005,2026-05-29,11:00,Жопа,Стрельба из лука,60,,
20260530110005,2026-05-30,11:00,Жопа,Стрельба из лука,60,,
20260531110005,2026-05-31,11:00,Жопа,Стрельба из лука,60,,
20260601110005,2026-06-01,11:00,Жопа,Стрельба из лука,60,,
20260602110005,2026-06-02,11:00,Жопа,Стрельба из лука,60,,
20260603110005,2026-06-03,11:00,Жопа,Стрельба из лука,60,,
20260604110005,2026-06-04,11:00,Жопа,Стрельба из лука,60,,
20260605110005,2026-06-05,11:00,Жопа,Стрельба из лука,60,,
20260606110005,2026-06-06,11:00,Жопа,Стрельба из лука,60,,
20260607110005,2026-06-07,11:00,Жопа,Стрельба из лука,60,,
20260608110005,2026-06-08,11:00,Жопа,Стрельба из лука,60,,
20260609110005,2026-06-09,11:00,Жопа,Стрельба из лука,60,,
20260610110005,2026-06-10,11:00,Жопа,Стрельба из лука,60,,
20260611110005,2026-06-11,11:00,Жопа,Стрельба из лука,60,,
20260612110005,2026-06-12,11:00,Жопа,Стрельба из лука,60,,
20260613110005,2026-06-13,11:00,Жопа,Стрельба из лука,60,,
20260614110005,2026-06-14,11:00,Жопа,Стрельба из лука,60,,
20260615110005,2026-06-15,11:00,Жопа,Стрельба из лука,60,,
20260616110005,2026-06-16,11:00,Жопа,Стрельба из лука,60,,
20260617110005,2026-06-17,11:00,Жопа,Стрельба из лука,60,,
20260618110005,2026-06-18,11:00,Жопа,Стрельба из лука,60,,
20260619110005,2026-06-19,11:00,Жопа,Стрельба из лука,60,,
20260620110005,2026-06-20,11:00,Жопа,Стрельба из лука,60,,
20260621110005,2026-06-21,11:00,Жопа,Стрельба из лука,60,,
20260622110005,2026-06-22,11:00,Жопа,Стрельба из лука,60,,
20260623110005,2026-06-23,11:00,Жопа,Стрельба из лука,60,,
20260624110005,2026-06-24,11:00,Жопа,Стрельба из лука,60,,
20260625110005,2026-06-25,11:00,Жопа,Стрельба из лука,60,,
20260626110005,2026-06-26,11:00,Жопа,Стрельба из лука,60,,
20260627110005,2026-06-27,11:00,Жопа,Стрельба из лука,60,,
20260628110005,2026-06-28,11:00,Жопа,Стрельба из лука,60,,
20260629110005,2026-06-29,11:00,Жопа,Стрельба из лука,60,,
20260630110005,2026-06-30,11:00,Жопа,Стрельба из лука,60,,
20260701110005,2026-07-01,11:00,Жопа,Стрельба из лука,60,,
20260702110005,2026-07-02,11:00,Жопа,Стрельба из лука,60,,
20260703110005,2026-07-03,11:00,Жопа,Стрельба из лука,60,,
20260704110005,2026-07-04,11:00,Жопа,Стрельба из лука,60,,
20260705110005,2026-07-05,11:00,Жопа,Стрельба из лука,60,,
20260706110005,2026-07-06,11:00,Жопа,Стрельба из лука,60,,
20260707110005,2026-07-07,11:00,Жопа,Стрельба из лука,60,,
20260708110005,2026-07-08,11:00,Жопа,Стрельба из лука,60,,
20260709110005,2026-07-09,11:00,Жопа,Стрельба из лука,60,,
20260709111157,2026-07-09,11:11,АААА,ЙЙЙ,60,фвфвц,вфвфц
20260709111147,2026-07-09,11:11,Пидор,Стрельба из лука,60,фыуаыуфа,фцвфц
20260710110005,2026-07-10,11:00,Жопа,Стрельба из лука,60,,
20260710111109,2026-07-10,11:11,ОАЛА,ЙЙЙ,60,112,2222
20260711110005,2026-07-11,11:00,Жопа,Стрельба из лука,60,,
20260712110005,2026-07-12,11:00,Жопа,Стрельба из лука,60,,
20260713110005,2026-07-13,11:00,Жопа,Стрельба из лука,60,,
20260714110005,2026-07-14,11:00,Жопа,Стрельба из лука,60,,
20260715110005,2026-07-15,11:00,Жопа,Стрельба из лука,60,,
20260716110005,2026-07-16,11:00,Жопа,Стрельба из лука,60,,
20260717110005,2026-07-17,11:00,Жопа,Стрельба из лука,60,,
20260718110005,2026-07-18,11:00,Жопа,Стрельба из лука,60,,
20260719110005,2026-07-19,11:00,Жопа,Стрельба из лука,60,,
20260720110005,2026-07-20,11:00,Жопа,Стрельба из лука,60,,
20260721110005,2026-07-21,11:00,Жопа,Стрельба из лука,60,,
20260722110005,2026-07-22,11:00,Жопа,Стрельба из лука,60,,
20260723110005,2026-07-23,11:00,Жопа,Стрельба из лука,60,,
20260724110005,2026-07-24,11:00,Жопа,Стрельба из лука,60,,
20260725110005,2026-07-25,11:00,Жопа,Стрельба из лука,60,,
20260726110005,2026-07-26,11:00,Жопа,Стрельба из лука,60,,
20260727110005,2026-07-27,11:00,Жопа,Стрельба из лука,60,,
20260728110005,2026-07-28,11:00,Жопа,Стрельба из лука,60,,
20260729110005,2026-07-29,11:00,Жопа,Стрельба из лука,60,,
20260730110005,2026-07-30,11:00,Жопа,Стрельба из лука,60,,
20260731110005,2026-07-31,11:00,Жопа,Стрельба из лука,60,,
20260801110005,2026-08-01,11:00,Жопа,Стрельба из лука,60,,
20260802110005,2026-08-02,11:00,Жопа,Стрельба из лука,60,,
20260803110005,2026-08-03,11:00,Жопа,Стрельба из лука,60,,
20260804110005,2026-08-04,11:00,Жопа,Стрельба из лука,60,,
20260805110005,2026-08-05,11:00,Жопа,Стрельба из лука,60,,
20260806110005,2026-08-06,11:00,Жопа,Стрельба из лука,60,,
20260807110005,2026-08-07,11:00,Жопа,Стрельба из лука,60,,
20260808110005,2026-08-08,11:00,Жопа,Стрельба из лука,60,,
20260809110005,2026-08-09,11:00,Жопа,Стрельба из лука,60,,
20260810110005,2026-08-10,11:00,Жопа,Стрельба из лука,60,,
20260811110005,2026-08-11,11:00,Жопа,Стрельба из лука,60,,
20260812110005,2026-08-12,11:00,Жопа,Стрельба из лука,60,,
20260813110005,2026-08-13,11:00,Жопа,Стрельба из лука,60,,
20260814110005,2026-08-14,11:00,Жопа,Стрельба из лука,60,,
20260815110005,2026-08-15,11:00,Жопа,Стрельба из лука,60,,
20260816110005,2026-08-16,11:00,Жопа,Стрельба из лука,60,,
20260817110005,2026-08-17,11:00,Жопа,Стрельба из лука,60,,
20260818110005,2026-08-18,11:00,Жопа,Стрельба из лука,60,,
20260819110005,2026-08-19,11:00,Жопа,Стрельба из лука,60,,
20260820110005,2026-08-20,11:00,Жопа,Стрельба из лука,60,,
20260821110005,2026-08-21,11:00,Жопа,Стрельба из лука,60,,
20260822110005,2026-08-22,11:00,Жопа,Стрельба из лука,60,,
20260823110005,2026-08-23,11:00,Жопа,Стрельба из лука,60,,
20260824110005,2026-08-24,11:00,Жопа,Стрельба из лука,60,,
20260825110005,2026-08-25,11:00,Жопа,Стрельба из лука,60,,
20260826110005,2026-08-26,11:00,Жопа,Стрельба из лука,60,,
20260827110005,2026-08-27,11:00,Жопа,Стрельба из лука,60,,
20260828110005,2026-08-28,11:00,Жопа,Стрельба из лука,60,,
20260829110005,2026-08-29,11:00,Жопа,Стрельба из лука,60,,
20260830110005,2026-08-30,11:00,Жопа,Стрельба из лука,60,,
20260831110005,2026-08-31,11:00,Жопа,Стрельба из лука,60,,
20260901110005,2026-09-01,11:00,Жопа,Стрельба из лука,60,,
20260902110005,2026-09-02,11:00,Жопа,Стрельба из лука,60,,
20260903110005,2026-09-03,11:00,Жопа,Стрельба из лука,60,,
20260904110005,2026-09-04,11:00,Жопа,Стрельба из лука,60,,
20260905110005,2026-09-05,11:00,Жопа,Стрельба из лука,60,,
20260906110005,2026-09-06,11:00,Жопа,Стрельба из лука,60,,
20260907110005,2026-09-07,11:00,Жопа,Стрельба из лука,60,,
20260908110005,2026-09-08,11:00,Жопа,Стрельба из лука,60,,
20260909110005,2026-09-09,11:00,Жопа,Стрельба из лука,60,,
20260910110005,2026-09-10,11:00,Жопа,Стрельба из лука,60,,
20260911110005,2026-09-11,11:00,Жопа,Стрельба из лука,60,,
20260912110005,2026-09-12,11:00,Жопа,Стрельба из лука,60,,
20260913110005,2026-09-13,11:00,Жопа,Стрельба из лука,60,,
20260914110005,2026-09-14,11:00,Жопа,Стрельба из лука,60,,
20260915110005,2026-09-15,11:00,Жопа,Стрельба из лука,60,,
20260916110005,2026-09-16,11:00,Жопа,Стрельба из лука,60,,
20260917110005,2026-09-17,11:00,Жопа,Стрельба из лука,60,,
20260918110005,2026-09-18,11:00,Жопа,Стрельба из лука,60,,
20260919110005,2026-09-19,11:00,Жопа,Стрельба из лука,60,,
20260920110005,2026-09-20,11:00,Жопа,Стрельба из лука,60,,
20260921110005,2026-09-21,11:00,Жопа,Стрельба из лука,60,,
20260922110005,2026-09-22,11:00,Жопа,Стрельба из лука,60,,
20260923110005,2026-09-23,11:00,Жопа,Стрельба из лука,60,,
20260924110005,2026-09-24,11:00,Жопа,Стрельба из лука,60,,
20260925110005,2026-09-25,11:00,Жопа,Стрельба из лука,60,,
20260926110005,2026-09-26,11:00,Жопа,Стрельба из лука,60,,
20260927110005,2026-09-27,11:00,Жопа,Стрельба из лука,60,,
20260928110005,2026-09-28,11:00,Жопа,Стрельба из лука,60,,
20260929110005,2026-09-29,11:00,Жопа,Стрельба из лука,60,,
20260930110005,2026-09-30,11:00,Жопа,Стрельба из лука,60,,
20261001110005,2026-10-01,11:00,Жопа,Стрельба из лука,60,,
20261002110005,2026-10-02,11:00,Жопа,Стрельба из лука,60,,
20261003110005,2026-10-03,11:00,Жопа,Стрельба из лука,60,,
20261004110005,2026-10-04,11:00,Жопа,Стрельба из лука,60,,
20261005110005,2026-10-05,11:00,Жопа,Стрельба из лука,60,,
20261006110005,2026-10-06,11:00,Жопа,Стрельба из лука,60,,
20261007110005,2026-10-07,11:00,Жопа,Стрельба из лука,60,,
20261008110005,2026-10-08,11:00,Жопа,Стрельба из лука,60,,
20261009110005,2026-10-09,11:00,Жопа,Стрельба из лука,60,,
20261010110005,2026-10-10,11:00,Жопа,Стрельба из лука,60,,
20261011110005,2026-10-11,11:00,Жопа,Стрельба из лука,60,,
20261012110005,2026-10-12,11:00,Жопа,Стрельба из лука,60,,
20261013110005,2026-10-13,11:00,Жопа,Стрельба из лука,60,,
20261014110005,2026-10-14,11:00,Жопа,Стрельба из лука,60,,
20261015110005,2026-10-15,11:00,Жопа,Стрельба из лука,60,,
20261016110005,2026-10-16,11:00,Жопа,Стрельба из лука,60,,
20261017110005,2026-10-17,11:00,Жопа,Стрельба из лука,60,,
20261018110005,2026-10-18,11:00,Жопа,Стрельба из лука,60,,
20261019110005,2026-10-19,11:00,Жопа,Стрельба из лука,60,,
20261020110005,2026-10-20,11:00,Жопа,Стрельба из лука,60,,
20261021110005,2026-10-21,11:00,Жопа,Стрельба из лука,60,,
20261022110005,2026-10-22,11:00,Жопа,Стрельба из лука,60,,
20261023110005,2026-10-23,11:00,Жопа,Стрельба из лука,60,,
20261024110005,2026-10-24,11:00,Жопа,Стрельба из лука,60,,
20261025110005,2026-10-25,11:00,Жопа,Стрельба из лука,60,,
20261026110005,2026-10-26,11:00,Жопа,Стрельба из лука,60,,
20261027110005,2026-10-27,11:00,Жопа,Стрельба из лука,60,,
20261028110005,2026-10-28,11:00,Жопа,Стрельба из лука,60,,
20261029110005,2026-10-29,11:00,Жопа,Стрельба из лука,60,,
20261030110005,2026-10-30,11:00,Жопа,Стрельба из лука,60,,
20261031110005,2026-10-31,11:00,Жопа,Стрельба из лука,60,,
20261101110005,2026-11-01,11:00,Жопа,Стрельба из лука,60,,
20261102110005,2026-11-02,11:00,Жопа,Стрельба из лука,60,,
20261103110005,2026-11-03,11:00,Жопа,Стрельба из лука,60,,
20261104110005,2026-11-04,11:00,Жопа,Стрельба из лука,60,,
20261105110005,2026-11-05,11:00,Жопа,Стрельба из лука,60,,
20261106110005,2026-11-06,11:00,Жопа,Стрельба из лука,60,,
20261107110005,2026-11-07,11:00,Жопа,Стрельба из лука,60,,
20261108110005,2026-11-08,11:00,Жопа,Стрельба из лука,60,,
20261109110005,2026-11-09,11:00,Жопа,Стрельба из лука,60,,
20261110110005,2026-11-10,11:00,Жопа,Стрельба из лука,60,,
20261111110005,2026-11-11,11:00,Жопа,Стрельба из лука,60,,
20261112110005,2026-11-12,11:00,Жопа,Стрельба из лука,60,,
20261113110005,2026-11-13,11:00,Жопа,Стрельба из лука,60,,
20261114110005,2026-11-14,11:00,Жопа,Стрельба из лука,60,,
20261115110005,2026-11-15,11:00,Жопа,Стрельба из лука,60,,
20261116110005,2026-11-16,11:00,Жопа,Стрельба из лука,60,,
20261117110005,2026-11-17,11:00,Жопа,Стрельба из лука,60,,
20261118110005,2026-11-18,11:00,Жопа,Стрельба из лука,60,,
20261119110005,2026-11-19,11:00,Жопа,Стрельба из лука,60,,
20261120110005,2026-11-20,11:00,Жопа,Стрельба из лука,60,,
20261121110005,2026-11-21,11:00,Жопа,Стрельба из лука,60,,
20261122110005,2026-11-22,11:00,Жопа,Стрельба из лука,60,,
20261123110005,2026-11-23,11:00,Жопа,Стрельба из лука,60,,
20261124110005,2026-11-24,11:00,Жопа,Стрельба из лука,60,,
20261125110005,2026-11-25,11:00,Жопа,Стрельба из лука,60,,
20261126110005,2026-11-26,11:00,Жопа,Стрельба из лука,60,,
20261127110005,2026-11-27,11:00,Жопа,Стрельба из лука,60,,
20261128110005,2026-11-28,11:00,Жопа,Стрельба из лука,60,,
20261129110005,2026-11-29,11:00,Жопа,Стрельба из лука,60,,
20261130110005,2026-11-30,11:00,Жопа,Стрельба из лука,60,,
20261201110005,2026-12-01,11:00,Жопа,Стрельба из лука,60,,
20261202110005,2026-12-02,11:00,Жопа,Стрельба из лука,60,,
20261203110005,2026-12-03,11:00,Жопа,Стрельба из лука,60,,
20261204110005,2026-12-04,11:00,Жопа,Стрельба из лука,60,,
20261205110005,2026-12-05,11:00,Жопа,Стрельба из лука,60,,
20261206110005,2026-12-06,11:00,Жопа,Стрельба из лука,60,,
20261207110005,2026-12-07,11:00,Жопа,Стрельба из лука,60,,
20261208110005,2026-12-08,11:00,Жопа,Стрельба из лука,60,,
20261209110005,2026-12-09,11:00,Жопа,Стрельба из лука,60,,
20261210110005,2026-12-10,11:00,Жопа,Стрельба из лука,60,,
20261211110005,2026-12-11,11:00,Жопа,Стрельба из лука,60,,
20261212110005,2026-12-12,11:00,Жопа,Стрельба из лука,60,,
